"Transaction Hash","Chain","Amount","From Address","To Address","Date"
"0xd4a5f00b5f0432beff0c44a882e499ee4cb24cba99e9162e0e9739702e2e675e","usdt",409245.171399,"0x5ed706e051605df8b58844572fa3cf16d2eda5ea","0x01baea860c7661561c31b1f765cfe8e064ff6de6","27-Mar-2023 09:41:47 PM UTC+01:00"
"0x9e513fe4346bbcb657e3a020300ec2a52728b48fe77701569f64bf3f2a3aa27e","ETH",240,"0xe2fc8fcae91f0bb046367d198861731a068a9204","0x5ed706e051605df8b58844572fa3cf16d2eda5ea","27-Mar-2023 07:38:23 PM UTC+01:00"
"0x3527e4ad4acfcf53524cc7df9d2a1f994598662352833ab78703425be9a18a40","ETH",141,"0xe2fc8fcae91f0bb046367d198861731a068a9204","0xc622a675cf2bccc88162e777a1f3e0a275f96f8f","01-May-2023 07:38:35 PM UTC+01:00"
"0x41921fd3317b179971f11e0594f1b1c4e54af0a71ed980bef454abb2108b8eb1","ETH",138083.29368,"0x7b03a5d14332b4111ee839f8956f7efe31b69d7a","0x01baea860c7661561c31b1f765cfe8e064ff6de6","14-Apr-2023 12:01:59 PM UTC+01:00"
"0xb830a4895a6b8ea5ec1173e8c6ac4f08d6e81b3459b6b49f0dbe50f346ab2984","ETH",159,"0xe2fc8fcae91f0bb046367d198861731a068a9204","0x7b03a5d14332b4111ee839f8956f7efe31b69d7a","13-Apr-2023 06:47:35 PM UTC+01:00"
"0x7027aebe6fa1cbc848716f71fe321d8ef511e30fb245379e68d02bd82daf7e86","ETH",50000,"0x01baea860c7661561c31b1f765cfe8e064ff6de6","0x9664465588585758823b4b49079cc668097f66eb","21-Apr-2023 06:20:35 PM UTC+01:00"
"0x9f0e146316a0fa48f055e196fbaeac9a5a849964df76d459069214533ed854cc","ETH",6415,"0xa9615dfa74c79b38ee144169b5e87dfba43ed066","0x08c904a02578ed95a46c25a8cc510cd6ed9f2ed3","05-Mar-2023 08:35:11 PM UTC+00:00"
"0x88251c4d7ca1fd3b85fd157a9e916ac0bb8751580124dfda2f3ccb34523ed0fe","ETH",56946.852747,"0xc622a675cf2bccc88162e777a1f3e0a275f96f8f","0x9664465588585758823b4b49079cc668097f66eb","01-May-2023 09:33:35 PM UTC+01:00"
"0xdd83693327730f9537cd1fd2a1ed44069485bec997ea8e48190a5f2da2f94f30","ETH",50000,"0xc622a675cf2bccc88162e777a1f3e0a275f96f8f","0x9664465588585758823b4b49079cc668097f66eb","01-May-2023 09:12:35 PM UTC+01:00"
"0xdeea8734261daca94a09bfabc5967482db4674fa3dd465dfa40ca554295baf2a","ETH",50000,"0xc622a675cf2bccc88162e777a1f3e0a275f96f8f","0x9664465588585758823b4b49079cc668097f66eb","01-May-2023 08:53:11 PM UTC+01:00"
"0xdce5c1e7baa0ac6fd3b86e98fb957578f428cc378f56e64cc559ab01badac924","ETH",50000,"0xc622a675cf2bccc88162e777a1f3e0a275f96f8f","0x9664465588585758823b4b49079cc668097f66eb","01-May-2023 08:34:59 PM UTC+01:00"
"0x244a1c2fc7676f90f234fa34fe14d645329a42c53d95c44276e12b749a36b48a","ETH",50000,"0xc622a675cf2bccc88162e777a1f3e0a275f96f8f","0x9664465588585758823b4b49079cc668097f66eb","01-May-2023 08:17:23 PM UTC+01:00"
"0xe82d496d785c6dbb8ef5c106a9b2a0b47c2a9be25ba61d944a438def999f0543","ETH",100,"0x01baea860c7661561c31b1f765cfe8e064ff6de6","0x7eb413211a9de1cd2fe8b8bb6055636c43f7d206","04-Apr-2023 06:03:11 PM UTC+01:00"
"0x64fbef3a556c176d5b3c947b080e4dcec619a4ca00510f64fa7ce3f6f897e38c","ETH",20,"0x7eb413211a9de1cd2fe8b8bb6055636c43f7d206","0xbc75da5ad73edf07b1dd38c4b158f45318f30339","23-Feb-2023 12:05:11 PM UTC+00:00"
"0xb5d198c43334b88ce314207bee190fa244166208850eff23f67d2b64798d4efe","ETH",0.06,"0x08c904a02578ed95a46c25a8cc510cd6ed9f2ed3","0xbc75da5ad73edf07b1dd38c4b158f45318f30339","23-Feb-2023 04:40:59 AM UTC+00:00"
"0x4f047877cc2fc94d4dd55ed9f12ebcc2e6b00c7c81f1345c2e09494f2a04eee7","ETH",60222.45,"0x01baea860c7661561c31b1f765cfe8e064ff6de6","0x08c904a02578ed95a46c25a8cc510cd6ed9f2ed3","05-Apr-2023 12:15:47 AM UTC+01:00"
